"","popid","x","y","habitat.suit"
"1",1,-88.300557205,48.98215918,0.503319025039673
"2",2,-88.201557205,48.98215918,0.503319025039673
"3",3,-88.152057205,48.98215918,0.503319025039673
"4",4,-88.003557205,48.98215918,0.503319025039673
"5",5,-87.954057205,48.98215918,0.613763988018036
"6",6,-88.300557205,48.93265918,0.503319025039673
"7",7,-88.251057205,48.93265918,0.503319025039673
"8",8,-88.053057205,48.93265918,0.503319025039673
"9",9,-87.904557205,48.93265918,0.613763988018036
"10",10,-87.855057205,48.93265918,0.613763988018036
"11",11,-87.805557205,48.93265918,0.613763988018036
"12",12,-87.756057205,48.93265918,0.613763988018036
"13",13,-87.706557205,48.93265918,0.613763988018036
"14",14,-88.449057205,48.88315918,0.503319025039673
"15",15,-88.399557205,48.88315918,0.503319025039673
"16",16,-88.251057205,48.88315918,0.503319025039673
"17",17,-88.102557205,48.88315918,0.503319025039673
"18",18,-87.657057205,48.88315918,0.613763988018036
"19",19,-87.607557205,48.88315918,0.613763988018036
"20",20,-87.558057205,48.88315918,0.613763988018036
"21",21,-87.508557205,48.88315918,0.613763988018036
"22",22,-88.498557205,48.83365918,0.503319025039673
"23",23,-88.399557205,48.83365918,0.503319025039673
"24",24,-88.350057205,48.83365918,0.503319025039673
"25",25,-88.300557205,48.83365918,0.503319025039673
"26",26,-88.251057205,48.83365918,0.503319025039673
"27",27,-88.003557205,48.83365918,0.503319025039673
"28",28,-87.805557205,48.83365918,0.613763988018036
"29",29,-87.706557205,48.83365918,0.613763988018036
"30",30,-87.508557205,48.83365918,0.613763988018036
"31",31,-87.409557205,48.83365918,0.602424025535583
"32",32,-87.360057205,48.83365918,0.602424025535583
"33",33,-86.964057205,48.83365918,0.631567001342773
"34",34,-86.716557205,48.83365918,0.631567001342773
"35",35,-86.667057205,48.83365918,0.631567001342773
"36",36,-88.548057205,48.78415918,0.341044008731842
"37",37,-88.300557205,48.78415918,0.503319025039673
"38",38,-88.152057205,48.78415918,0.503319025039673
"39",39,-88.102557205,48.78415918,0.503319025039673
"40",40,-88.053057205,48.78415918,0.503319025039673
"41",41,-87.657057205,48.78415918,0.613763988018036
"42",42,-87.558057205,48.78415918,0.613763988018036
"43",43,-87.508557205,48.78415918,0.613763988018036
"44",44,-87.459057205,48.78415918,0.602424025535583
"45",45,-87.261057205,48.78415918,0.602424025535583
"46",46,-87.211557205,48.78415918,0.602424025535583
"47",47,-87.162057205,48.78415918,0.602424025535583
"48",48,-87.112557205,48.78415918,0.602424025535583
"49",49,-87.063057205,48.78415918,0.602424025535583
"50",50,-87.013557205,48.78415918,0.602424025535583
"51",51,-86.964057205,48.78415918,0.631567001342773
"52",52,-86.914557205,48.78415918,0.631567001342773
"53",53,-86.865057205,48.78415918,0.631567001342773
"54",54,-86.815557205,48.78415918,0.631567001342773
"55",55,-86.766057205,48.78415918,0.631567001342773
"56",56,-86.617557205,48.78415918,0.631567001342773
"57",57,-86.568057205,48.78415918,0.631567001342773
"58",58,-86.518557205,48.78415918,0.631567001342773
"59",59,-86.469057205,48.78415918,0.581378996372223
"60",60,-86.419557205,48.78415918,0.581378996372223
"61",61,-88.300557205,48.73465918,0.503319025039673
"62",62,-88.053057205,48.73465918,0.503319025039673
"63",63,-88.003557205,48.73465918,0.503319025039673
"64",64,-86.617557205,48.73465918,0.631567001342773
"65",65,-86.568057205,48.73465918,0.631567001342773
"66",66,-86.370057205,48.73465918,0.581378996372223
"67",67,-88.300557205,48.68515918,0.503319025039673
"68",68,-88.152057205,48.68515918,0.503319025039673
"69",69,-86.370057205,48.68515918,0.581378996372223
"70",70,-88.647057205,48.63565918,0.341044008731842
"71",71,-88.597557205,48.63565918,0.341044008731842
"72",72,-88.548057205,48.63565918,0.341044008731842
"73",73,-88.350057205,48.63565918,0.503319025039673
"74",74,-88.300557205,48.63565918,0.503319025039673
"75",75,-88.251057205,48.63565918,0.503319025039673
"76",76,-88.152057205,48.63565918,0.503319025039673
"77",77,-88.102557205,48.63565918,0.503319025039673
"78",78,-86.271057205,48.63565918,0.581378996372223
"79",79,-88.647057205,48.58615918,0.341044008731842
"80",80,-88.449057205,48.58615918,0.503319025039673
"81",81,-88.399557205,48.58615918,0.503319025039673
"82",82,-88.350057205,48.58615918,0.503319025039673
"83",83,-86.271057205,48.58615918,0.581378996372223
"84",84,-88.993557205,48.53665918,0.341044008731842
"85",85,-88.944057205,48.53665918,0.341044008731842
"86",86,-88.894557205,48.53665918,0.341044008731842
"87",87,-88.696557205,48.53665918,0.341044008731842
"88",88,-88.647057205,48.53665918,0.341044008731842
"89",89,-88.498557205,48.53665918,0.503319025039673
"90",90,-88.449057205,48.53665918,0.503319025039673
"91",91,-88.399557205,48.53665918,0.503319025039673
"92",92,-86.221557205,48.53665918,0.581378996372223
"93",93,-89.191557205,48.48715918,0.594173014163971
"94",94,-89.142057205,48.48715918,0.594173014163971
"95",95,-89.092557205,48.48715918,0.594173014163971
"96",96,-88.795557205,48.48715918,0.630977988243103
"97",97,-88.696557205,48.48715918,0.630977988243103
"98",98,-88.548057205,48.48715918,0.630977988243103
"99",99,-86.221557205,48.48715918,0.631308972835541
"100",100,-89.241057205,48.43765918,0.594173014163971
"101",101,-89.191557205,48.43765918,0.594173014163971
"102",102,-88.746057205,48.43765918,0.630977988243103
"103",103,-88.696557205,48.43765918,0.630977988243103
"104",104,-88.548057205,48.43765918,0.630977988243103
"105",105,-86.221557205,48.43765918,0.631308972835541
"106",106,-89.241057205,48.38815918,0.594173014163971
"107",107,-88.845057205,48.38815918,0.630977988243103
"108",108,-88.746057205,48.38815918,0.630977988243103
"109",109,-88.647057205,48.38815918,0.630977988243103
"110",110,-86.172057205,48.38815918,0.631308972835541
"111",111,-89.241057205,48.33865918,0.594173014163971
"112",112,-88.894557205,48.33865918,0.630977988243103
"113",113,-88.845057205,48.33865918,0.630977988243103
"114",114,-88.795557205,48.33865918,0.630977988243103
"115",115,-86.172057205,48.33865918,0.631308972835541
"116",116,-86.122557205,48.28915918,0.631308972835541
"117",117,-89.290557205,48.23965918,0.594173014163971
"118",118,-86.122557205,48.23965918,0.631308972835541
"119",119,-89.290557205,48.19015918,0.594173014163971
"120",120,-86.073057205,48.19015918,0.631308972835541
"121",121,-89.389557205,48.14065918,0.594173014163971
"122",122,-89.340057205,48.14065918,0.594173014163971
"123",123,-86.023557205,48.14065918,0.631308972835541
"124",124,-89.488557205,48.09115918,0.594173014163971
"125",125,-89.439057205,48.09115918,0.594173014163971
"126",126,-89.389557205,48.09115918,0.594173014163971
"127",127,-85.974057205,48.09115918,0.343205988407135
"128",128,-89.538057205,48.04165918,0.525503993034363
"129",129,-89.488557205,48.04165918,0.594173014163971
"130",130,-85.924557205,48.04165918,0.343205988407135
"131",131,-85.875057205,48.04165918,0.343205988407135
"132",132,-89.686557205,47.99215918,0.606355011463165
"133",133,-89.637057205,47.99215918,0.606355011463165
"134",134,-89.587557205,47.99215918,0.606355011463165
"135",135,-85.875057205,47.99215918,0.624652981758118
"136",136,-85.825557205,47.99215918,0.624652981758118
"137",137,-85.776057205,47.99215918,0.624652981758118
"138",138,-85.132557205,47.99215918,0.630734026432037
"139",139,-85.083057205,47.99215918,0.630734026432037
"140",140,-85.033557205,47.99215918,0.630734026432037
"141",141,-84.984057205,47.99215918,0.599848985671997
"142",142,-84.885057205,47.99215918,0.599848985671997
"143",143,-89.785557205,47.94265918,0.606355011463165
"144",144,-89.736057205,47.94265918,0.606355011463165
"145",145,-89.686557205,47.94265918,0.606355011463165
"146",146,-85.776057205,47.94265918,0.624652981758118
"147",147,-85.726557205,47.94265918,0.624652981758118
"148",148,-85.677057205,47.94265918,0.624652981758118
"149",149,-85.627557205,47.94265918,0.624652981758118
"150",150,-85.578057205,47.94265918,0.624652981758118
"151",151,-85.528557205,47.94265918,0.624652981758118
"152",152,-85.479057205,47.94265918,0.630734026432037
"153",153,-85.380057205,47.94265918,0.630734026432037
"154",154,-84.835557205,47.94265918,0.599848985671997
"155",155,-84.786057205,47.94265918,0.599848985671997
"156",156,-89.934057205,47.89315918,0.606355011463165
"157",157,-89.884557205,47.89315918,0.606355011463165
"158",158,-89.835057205,47.89315918,0.606355011463165
"159",159,-89.785557205,47.89315918,0.606355011463165
"160",160,-90.132057205,47.84365918,0.561052024364471
"161",161,-90.082557205,47.84365918,0.561052024364471
"162",162,-90.033057205,47.84365918,0.561052024364471
"163",163,-89.983557205,47.84365918,0.606355011463165
"164",164,-89.934057205,47.84365918,0.606355011463165
"165",165,-84.885057205,47.84365918,0.599848985671997
"166",166,-90.330057205,47.79415918,0.561052024364471
"167",167,-90.280557205,47.79415918,0.561052024364471
"168",168,-90.231057205,47.79415918,0.561052024364471
"169",169,-90.181557205,47.79415918,0.561052024364471
"170",170,-90.132057205,47.79415918,0.561052024364471
"171",171,-84.885057205,47.79415918,0.599848985671997
"172",172,-90.528057205,47.74465918,0.629827976226807
"173",173,-90.478557205,47.74465918,0.561052024364471
"174",174,-90.429057205,47.74465918,0.561052024364471
"175",175,-90.379557205,47.74465918,0.561052024364471
"176",176,-90.330057205,47.74465918,0.561052024364471
"177",177,-84.885057205,47.74465918,0.599848985671997
"178",178,-90.676557205,47.69515918,0.629827976226807
"179",179,-90.627057205,47.69515918,0.629827976226807
"180",180,-90.577557205,47.69515918,0.629827976226807
"181",181,-84.984057205,47.69515918,0.599848985671997
"182",182,-84.934557205,47.69515918,0.599848985671997
"183",183,-90.775557205,47.64565918,0.629827976226807
"184",184,-90.726057205,47.64565918,0.629827976226807
"185",185,-90.676557205,47.64565918,0.629827976226807
"186",186,-84.984057205,47.64565918,0.599848985671997
"187",187,-90.874557205,47.59615918,0.629827976226807
"188",188,-90.825057205,47.59615918,0.629827976226807
"189",189,-90.775557205,47.59615918,0.629827976226807
"190",190,-84.984057205,47.59615918,0.599848985671997
"191",191,-90.973557205,47.54665918,0.629827976226807
"192",192,-90.924057205,47.54665918,0.629827976226807
"193",193,-90.874557205,47.54665918,0.629827976226807
"194",194,-84.934557205,47.54665918,0.599848985671997
"195",195,-84.885057205,47.54665918,0.599848985671997
"196",196,-91.072557205,47.49715918,0.579223990440369
"197",197,-91.023057205,47.49715918,0.579223990440369
"198",198,-90.973557205,47.49715918,0.629827976226807
"199",199,-84.885057205,47.49715918,0.599848985671997
"200",200,-84.835557205,47.49715918,0.599848985671997
"201",201,-84.786057205,47.49715918,0.599848985671997
"202",202,-91.122057205,47.44765918,0.335860013961792
"203",203,-91.072557205,47.44765918,0.335860013961792
"204",204,-88.152057205,47.44765918,0.333597004413605
"205",205,-88.102557205,47.44765918,0.333597004413605
"206",206,-88.053057205,47.44765918,0.333597004413605
"207",207,-88.003557205,47.44765918,0.333597004413605
"208",208,-87.954057205,47.44765918,0.370301991701126
"209",209,-87.904557205,47.44765918,0.370301991701126
"210",210,-87.855057205,47.44765918,0.370301991701126
"211",211,-87.805557205,47.44765918,0.370301991701126
"212",212,-87.756057205,47.44765918,0.370301991701126
"213",213,-84.934557205,47.44765918,0.521302998065948
"214",214,-84.736557205,47.44765918,0.521302998065948
"215",215,-84.687057205,47.44765918,0.521302998065948
"216",216,-91.171557205,47.39815918,0.335860013961792
"217",217,-91.122057205,47.39815918,0.335860013961792
"218",218,-88.300557205,47.39815918,0.333597004413605
"219",219,-88.251057205,47.39815918,0.333597004413605
"220",220,-88.003557205,47.39815918,0.333597004413605
"221",221,-87.954057205,47.39815918,0.370301991701126
"222",222,-87.904557205,47.39815918,0.370301991701126
"223",223,-87.855057205,47.39815918,0.370301991701126
"224",224,-87.805557205,47.39815918,0.370301991701126
"225",225,-84.687057205,47.39815918,0.521302998065948
"226",226,-84.637557205,47.39815918,0.521302998065948
"227",227,-91.221057205,47.34865918,0.335860013961792
"228",228,-88.399557205,47.34865918,0.333597004413605
"229",229,-88.003557205,47.34865918,0.333597004413605
"230",230,-87.954057205,47.34865918,0.370301991701126
"231",231,-84.637557205,47.34865918,0.521302998065948
"232",232,-84.588057205,47.34865918,0.521302998065948
"233",233,-91.270557205,47.29915918,0.335860013961792
"234",234,-88.449057205,47.29915918,0.333597004413605
"235",235,-88.102557205,47.29915918,0.333597004413605
"236",236,-88.053057205,47.29915918,0.333597004413605
"237",237,-84.588057205,47.29915918,0.521302998065948
"238",238,-91.369557205,47.24965918,0.335860013961792
"239",239,-91.320057205,47.24965918,0.335860013961792
"240",240,-88.548057205,47.24965918,0.282995998859406
"241",241,-88.498557205,47.24965918,0.333597004413605
"242",242,-88.152057205,47.24965918,0.333597004413605
"243",243,-84.588057205,47.24965918,0.521302998065948
"244",244,-91.419057205,47.20015918,0.335860013961792
"245",245,-91.369557205,47.20015918,0.335860013961792
"246",246,-88.696557205,47.20015918,0.282995998859406
"247",247,-88.647057205,47.20015918,0.282995998859406
"248",248,-88.597557205,47.20015918,0.282995998859406
"249",249,-88.251057205,47.20015918,0.333597004413605
"250",250,-84.637557205,47.20015918,0.521302998065948
"251",251,-91.518057205,47.15065918,0.605130970478058
"252",252,-91.468557205,47.15065918,0.335860013961792
"253",253,-88.746057205,47.15065918,0.282995998859406
"254",254,-88.696557205,47.15065918,0.282995998859406
"255",255,-88.300557205,47.15065918,0.333597004413605
"256",256,-88.251057205,47.15065918,0.333597004413605
"257",257,-84.687057205,47.15065918,0.521302998065948
"258",258,-91.617057205,47.10115918,0.605130970478058
"259",259,-91.567557205,47.10115918,0.605130970478058
"260",260,-91.518057205,47.10115918,0.605130970478058
"261",261,-88.845057205,47.10115918,0.282995998859406
"262",262,-88.795557205,47.10115918,0.282995998859406
"263",263,-88.350057205,47.10115918,0.333597004413605
"264",264,-88.300557205,47.10115918,0.333597004413605
"265",265,-84.687057205,47.10115918,0.521302998065948
"266",266,-91.666557205,47.05165918,0.605130970478058
"267",267,-91.617057205,47.05165918,0.605130970478058
"268",268,-88.894557205,47.05165918,0.282995998859406
"269",269,-88.399557205,47.05165918,0.333597004413605
"270",270,-88.350057205,47.05165918,0.333597004413605
"271",271,-84.736557205,47.05165918,0.521302998065948
"272",272,-91.765557205,47.00215918,0.605130970478058
"273",273,-91.716057205,47.00215918,0.605130970478058
"274",274,-88.944057205,47.00215918,0.282995998859406
"275",275,-88.449057205,47.00215918,0.333597004413605
"276",276,-88.399557205,47.00215918,0.333597004413605
"277",277,-84.736557205,47.00215918,0.521302998065948
"278",278,-84.687057205,47.00215918,0.521302998065948
"279",279,-91.864557205,46.95265918,0.302040994167328
"280",280,-91.815057205,46.95265918,0.302040994167328
"281",281,-91.765557205,46.95265918,0.302040994167328
"282",282,-89.142057205,46.95265918,0.284599006175995
"283",283,-89.092557205,46.95265918,0.284599006175995
"284",284,-89.043057205,46.95265918,0.284599006175995
"285",285,-88.152057205,46.95265918,0.571582973003387
"286",286,-84.736557205,46.95265918,0.538998007774353
"287",287,-84.637557205,46.95265918,0.538998007774353
"288",288,-84.588057205,46.95265918,0.538998007774353
"289",289,-84.538557205,46.95265918,0.538998007774353
"290",290,-84.489057205,46.95265918,0.624647974967957
"291",291,-84.439557205,46.95265918,0.624647974967957
"292",292,-84.390057205,46.95265918,0.624647974967957
"293",293,-91.963557205,46.90315918,0.302040994167328
"294",294,-91.914057205,46.90315918,0.302040994167328
"295",295,-91.864557205,46.90315918,0.302040994167328
"296",296,-90.973557205,46.90315918,0.269306987524033
"297",297,-90.924057205,46.90315918,0.269306987524033
"298",298,-90.825057205,46.90315918,0.269306987524033
"299",299,-89.191557205,46.90315918,0.284599006175995
"300",300,-88.498557205,46.90315918,0.571582973003387
"301",301,-88.251057205,46.90315918,0.571582973003387
"302",302,-88.201557205,46.90315918,0.571582973003387
"303",303,-88.102557205,46.90315918,0.571582973003387
"304",304,-88.053057205,46.90315918,0.571582973003387
"305",305,-84.637557205,46.90315918,0.538998007774353
"306",306,-84.390057205,46.90315918,0.624647974967957
"307",307,-84.340557205,46.90315918,0.624647974967957
"308",308,-92.062557205,46.85365918,0.453233987092972
"309",309,-92.013057205,46.85365918,0.453233987092972
"310",310,-91.963557205,46.85365918,0.302040994167328
"311",311,-91.221057205,46.85365918,0.435961008071899
"312",312,-91.072557205,46.85365918,0.435961008071899
"313",313,-91.023057205,46.85365918,0.435961008071899
"314",314,-90.825057205,46.85365918,0.269306987524033
"315",315,-90.775557205,46.85365918,0.269306987524033
"316",316,-89.340057205,46.85365918,0.284599006175995
"317",317,-89.290557205,46.85365918,0.284599006175995
"318",318,-88.498557205,46.85365918,0.571582973003387
"319",319,-88.300557205,46.85365918,0.571582973003387
"320",320,-88.201557205,46.85365918,0.571582973003387
"321",321,-87.805557205,46.85365918,0.461416006088257
"322",322,-84.340557205,46.85365918,0.624647974967957
"323",323,-92.112057205,46.80415918,0.453233987092972
"324",324,-92.062557205,46.80415918,0.453233987092972
"325",325,-91.320057205,46.80415918,0.435961008071899
"326",326,-91.270557205,46.80415918,0.435961008071899
"327",327,-91.221057205,46.80415918,0.435961008071899
"328",328,-90.874557205,46.80415918,0.269306987524033
"329",329,-90.825057205,46.80415918,0.269306987524033
"330",330,-89.785557205,46.80415918,0.492258012294769
"331",331,-89.736057205,46.80415918,0.492258012294769
"332",332,-89.686557205,46.80415918,0.492258012294769
"333",333,-89.637057205,46.80415918,0.492258012294769
"334",334,-89.587557205,46.80415918,0.492258012294769
"335",335,-89.538057205,46.80415918,0.492258012294769
"336",336,-89.488557205,46.80415918,0.284599006175995
"337",337,-89.439057205,46.80415918,0.284599006175995
"338",338,-88.498557205,46.80415918,0.571582973003387
"339",339,-88.399557205,46.80415918,0.571582973003387
"340",340,-88.251057205,46.80415918,0.571582973003387
"341",341,-87.756057205,46.80415918,0.461416006088257
"342",342,-87.657057205,46.80415918,0.461416006088257
"343",343,-84.538557205,46.80415918,0.538998007774353
"344",344,-84.439557205,46.80415918,0.624647974967957
"345",345,-84.390057205,46.80415918,0.624647974967957
"346",346,-92.112057205,46.75465918,0.453233987092972
"347",347,-91.468557205,46.75465918,0.435961008071899
"348",348,-91.419057205,46.75465918,0.435961008071899
"349",349,-91.369557205,46.75465918,0.435961008071899
"350",350,-89.884557205,46.75465918,0.492258012294769
"351",351,-89.835057205,46.75465918,0.492258012294769
"352",352,-88.449057205,46.75465918,0.571582973003387
"353",353,-87.657057205,46.75465918,0.461416006088257
"354",354,-87.607557205,46.75465918,0.461416006088257
"355",355,-85.182057205,46.75465918,0.51952201128006
"356",356,-84.984057205,46.75465918,0.538998007774353
"357",357,-84.538557205,46.75465918,0.538998007774353
"358",358,-84.489057205,46.75465918,0.624647974967957
"359",359,-84.439557205,46.75465918,0.624647974967957
"360",360,-92.112057205,46.70515918,0.453233987092972
"361",361,-92.062557205,46.70515918,0.453233987092972
"362",362,-91.716057205,46.70515918,0.302040994167328
"363",363,-91.666557205,46.70515918,0.302040994167328
"364",364,-91.617057205,46.70515918,0.302040994167328
"365",365,-90.874557205,46.70515918,0.269306987524033
"366",366,-89.934057205,46.70515918,0.492258012294769
"367",367,-87.607557205,46.70515918,0.461416006088257
"368",368,-85.330557205,46.70515918,0.51952201128006
"369",369,-85.281057205,46.70515918,0.51952201128006
"370",370,-85.033557205,46.70515918,0.51952201128006
"371",371,-84.538557205,46.70515918,0.538998007774353
"372",372,-84.439557205,46.70515918,0.624647974967957
"373",373,-91.963557205,46.65565918,0.302040994167328
"374",374,-91.914057205,46.65565918,0.302040994167328
"375",375,-91.864557205,46.65565918,0.302040994167328
"376",376,-90.924057205,46.65565918,0.269306987524033
"377",377,-90.726057205,46.65565918,0.269306987524033
"378",378,-90.033057205,46.65565918,0.234062001109123
"379",379,-87.558057205,46.65565918,0.461416006088257
"380",380,-87.508557205,46.65565918,0.461416006088257
"381",381,-86.172057205,46.65565918,0.440338999032974
"382",382,-86.023557205,46.65565918,0.440338999032974
"383",383,-85.974057205,46.65565918,0.465485990047455
"384",384,-85.924557205,46.65565918,0.465485990047455
"385",385,-85.875057205,46.65565918,0.465485990047455
"386",386,-85.825557205,46.65565918,0.465485990047455
"387",387,-85.776057205,46.65565918,0.465485990047455
"388",388,-85.726557205,46.65565918,0.465485990047455
"389",389,-85.677057205,46.65565918,0.465485990047455
"390",390,-85.627557205,46.65565918,0.465485990047455
"391",391,-85.578057205,46.65565918,0.465485990047455
"392",392,-85.528557205,46.65565918,0.465485990047455
"393",393,-85.479057205,46.65565918,0.51952201128006
"394",394,-85.429557205,46.65565918,0.51952201128006
"395",395,-85.033557205,46.65565918,0.51952201128006
"396",396,-84.439557205,46.65565918,0.624647974967957
"397",397,-90.973557205,46.60615918,0.269306987524033
"398",398,-90.825057205,46.60615918,0.269306987524033
"399",399,-90.775557205,46.60615918,0.269306987524033
"400",400,-90.676557205,46.60615918,0.269306987524033
"401",401,-90.627057205,46.60615918,0.269306987524033
"402",402,-90.280557205,46.60615918,0.234062001109123
"403",403,-90.231057205,46.60615918,0.234062001109123
"404",404,-90.181557205,46.60615918,0.234062001109123
"405",405,-87.508557205,46.60615918,0.461416006088257
"406",406,-86.271057205,46.60615918,0.440338999032974
"407",407,-86.221557205,46.60615918,0.440338999032974
"408",408,-85.033557205,46.60615918,0.51952201128006
"409",409,-84.538557205,46.60615918,0.538998007774353
"410",410,-84.489057205,46.60615918,0.624647974967957
"411",411,-90.924057205,46.55665918,0.269306987524033
"412",412,-90.874557205,46.55665918,0.269306987524033
"413",413,-90.577557205,46.55665918,0.269306987524033
"414",414,-90.528057205,46.55665918,0.269306987524033
"415",415,-90.478557205,46.55665918,0.234062001109123
"416",416,-90.429057205,46.55665918,0.234062001109123
"417",417,-90.379557205,46.55665918,0.234062001109123
"418",418,-87.459057205,46.55665918,0.451357990503311
"419",419,-87.409557205,46.55665918,0.451357990503311
"420",420,-86.370057205,46.55665918,0.440338999032974
"421",421,-86.320557205,46.55665918,0.440338999032974
"422",422,-85.083057205,46.55665918,0.51952201128006
"423",423,-85.033557205,46.55665918,0.51952201128006
"424",424,-84.588057205,46.55665918,0.538998007774353
"425",425,-84.291057205,46.55665918,0.624647974967957
"426",426,-84.241557205,46.55665918,0.624647974967957
"427",427,-84.192057205,46.55665918,0.624647974967957
"428",428,-84.142557205,46.55665918,0.624647974967957
"429",429,-84.093057205,46.55665918,0.624647974967957
"430",430,-87.409557205,46.50715918,0.451357990503311
"431",431,-87.063057205,46.50715918,0.451357990503311
"432",432,-87.013557205,46.50715918,0.451357990503311
"433",433,-86.469057205,46.50715918,0.440338999032974
"434",434,-85.083057205,46.50715918,0.51952201128006
"435",435,-84.538557205,46.50715918,0.538998007774353
"436",436,-84.489057205,46.50715918,0.624647974967957
"437",437,-84.340557205,46.50715918,0.624647974967957
"438",438,-84.093057205,46.50715918,0.624647974967957
"439",439,-87.360057205,46.45765918,0.497588008642197
"440",440,-87.310557205,46.45765918,0.497588008642197
"441",441,-87.261057205,46.45765918,0.497588008642197
"442",442,-87.211557205,46.45765918,0.497588008642197
"443",443,-87.162057205,46.45765918,0.497588008642197
"444",444,-86.964057205,46.45765918,0.361339002847672
"445",445,-86.914557205,46.45765918,0.361339002847672
"446",446,-86.766057205,46.45765918,0.361339002847672
"447",447,-86.667057205,46.45765918,0.361339002847672
"448",448,-86.617557205,46.45765918,0.361339002847672
"449",449,-86.568057205,46.45765918,0.361339002847672
"450",450,-86.518557205,46.45765918,0.361339002847672
"451",451,-85.033557205,46.45765918,0.291164994239807
"452",452,-84.984057205,46.45765918,0.486847013235092
"453",453,-84.934557205,46.45765918,0.486847013235092
"454",454,-84.885057205,46.45765918,0.486847013235092
"455",455,-84.736557205,46.45765918,0.486847013235092
"456",456,-84.687057205,46.45765918,0.486847013235092
"457",457,-84.637557205,46.45765918,0.486847013235092
"458",458,-84.439557205,46.45765918,0.47511699795723
"459",459,-84.390057205,46.45765918,0.47511699795723
"460",460,-84.093057205,46.45765918,0.47511699795723
"461",461,-86.865057205,46.40815918,0.361339002847672
"462",462,-86.815557205,46.40815918,0.361339002847672
"463",463,-86.766057205,46.40815918,0.361339002847672
"464",464,-86.667057205,46.40815918,0.361339002847672
"465",465,-86.617557205,46.40815918,0.361339002847672
"466",466,-84.786057205,46.40815918,0.486847013235092
"467",467,-84.588057205,46.40815918,0.486847013235092
"468",468,-84.538557205,46.40815918,0.486847013235092
"469",469,-84.489057205,46.40815918,0.47511699795723
"470",470,-84.093057205,46.40815918,0.47511699795723
"471",471,-84.241557205,46.35865918,0.47511699795723
"472",472,-84.093057205,46.35865918,0.47511699795723
"473",473,-84.241557205,46.30915918,0.47511699795723
"474",474,-84.192057205,46.25965918,0.47511699795723
"475",475,-84.241557205,46.21015918,0.47511699795723
"476",476,-84.142557205,46.16065918,0.47511699795723
"477",477,-85.578057205,46.11115918,0.35283499956131
"478",478,-85.528557205,46.11115918,0.35283499956131
"479",479,-85.479057205,46.11115918,0.291164994239807
"480",480,-85.429557205,46.11115918,0.291164994239807
"481",481,-85.380057205,46.11115918,0.291164994239807
"482",482,-85.330557205,46.11115918,0.291164994239807
"483",483,-85.281057205,46.11115918,0.291164994239807
"484",484,-84.142557205,46.11115918,0.47511699795723
"485",485,-84.093057205,46.11115918,0.47511699795723
"486",486,-85.627557205,46.06165918,0.35283499956131
"487",487,-85.578057205,46.06165918,0.35283499956131
"488",488,-85.281057205,46.06165918,0.291164994239807
"489",489,-85.231557205,46.06165918,0.291164994239807
"490",490,-85.182057205,46.06165918,0.291164994239807
"491",491,-85.132557205,46.06165918,0.291164994239807
"492",492,-85.083057205,46.06165918,0.291164994239807
"493",493,-85.033557205,46.06165918,0.291164994239807
"494",494,-84.687057205,46.06165918,0.486847013235092
"495",495,-84.637557205,46.06165918,0.486847013235092
"496",496,-84.588057205,46.06165918,0.486847013235092
"497",497,-84.538557205,46.06165918,0.486847013235092
"498",498,-84.093057205,46.06165918,0.47511699795723
"499",499,-84.043557205,46.06165918,0.47511699795723
"500",500,-85.875057205,46.01215918,0.35283499956131
"501",501,-85.825557205,46.01215918,0.35283499956131
"502",502,-85.776057205,46.01215918,0.35283499956131
"503",503,-85.726557205,46.01215918,0.35283499956131
"504",504,-85.677057205,46.01215918,0.35283499956131
"505",505,-85.627557205,46.01215918,0.35283499956131
"506",506,-85.033557205,46.01215918,0.291164994239807
"507",507,-84.984057205,46.01215918,0.486847013235092
"508",508,-84.934557205,46.01215918,0.486847013235092
"509",509,-84.736557205,46.01215918,0.486847013235092
"510",510,-84.538557205,46.01215918,0.486847013235092
"511",511,-84.489057205,46.01215918,0.47511699795723
"512",512,-84.439557205,46.01215918,0.47511699795723
"513",513,-84.390057205,46.01215918,0.47511699795723
"514",514,-84.340557205,46.01215918,0.47511699795723
"515",515,-84.241557205,46.01215918,0.47511699795723
"516",516,-84.192057205,46.01215918,0.47511699795723
"517",517,-84.142557205,46.01215918,0.47511699795723
"518",518,-86.271057205,45.96265918,0.222672000527382
"519",519,-86.221557205,45.96265918,0.222672000527382
"520",520,-86.172057205,45.96265918,0.222672000527382
"521",521,-86.122557205,45.96265918,0.222672000527382
"522",522,-86.073057205,45.96265918,0.222672000527382
"523",523,-86.023557205,45.96265918,0.222672000527382
"524",524,-85.974057205,45.96265918,0.264106005430222
"525",525,-85.924557205,45.96265918,0.264106005430222
"526",526,-85.875057205,45.96265918,0.264106005430222
"527",527,-85.726557205,45.96265918,0.264106005430222
"528",528,-85.677057205,45.96265918,0.264106005430222
"529",529,-84.934557205,45.96265918,0.385816007852554
"530",530,-84.885057205,45.96265918,0.385816007852554
"531",531,-84.736557205,45.96265918,0.385816007852554
"532",532,-84.390057205,45.96265918,0.294288009405136
"533",533,-84.340557205,45.96265918,0.294288009405136
"534",534,-84.043557205,45.96265918,0.294288009405136
"535",535,-87.013557205,45.91315918,0.243649005889893
"536",536,-86.964057205,45.91315918,0.23675599694252
"537",537,-86.914557205,45.91315918,0.23675599694252
"538",538,-86.370057205,45.91315918,0.222672000527382
"539",539,-86.320557205,45.91315918,0.222672000527382
"540",540,-84.835557205,45.91315918,0.385816007852554
"541",541,-84.786057205,45.91315918,0.385816007852554
"542",542,-84.736557205,45.91315918,0.385816007852554
"543",543,-87.063057205,45.86365918,0.243649005889893
"544",544,-87.013557205,45.86365918,0.243649005889893
"545",545,-86.815557205,45.86365918,0.23675599694252
"546",546,-86.766057205,45.86365918,0.23675599694252
"547",547,-86.716557205,45.86365918,0.23675599694252
"548",548,-86.667057205,45.86365918,0.23675599694252
"549",549,-86.617557205,45.86365918,0.23675599694252
"550",550,-86.518557205,45.86365918,0.23675599694252
"551",551,-86.370057205,45.86365918,0.222672000527382
"552",552,-84.786057205,45.86365918,0.385816007852554
"553",553,-84.736557205,45.86365918,0.385816007852554
"554",554,-87.063057205,45.81415918,0.243649005889893
"555",555,-86.964057205,45.81415918,0.23675599694252
"556",556,-86.815557205,45.81415918,0.23675599694252
"557",557,-86.419557205,45.81415918,0.222672000527382
"558",558,-86.370057205,45.81415918,0.222672000527382
"559",559,-86.964057205,45.76465918,0.23675599694252
"560",560,-86.865057205,45.76465918,0.23675599694252
"561",561,-86.617557205,45.76465918,0.23675599694252
"562",562,-86.518557205,45.76465918,0.23675599694252
"563",563,-86.469057205,45.76465918,0.222672000527382
"564",564,-84.736557205,45.76465918,0.385816007852554
"565",565,-87.162057205,45.71515918,0.243649005889893
"566",566,-87.112557205,45.71515918,0.243649005889893
"567",567,-86.964057205,45.71515918,0.23675599694252
"568",568,-86.914557205,45.71515918,0.23675599694252
"569",569,-86.865057205,45.71515918,0.23675599694252
"570",570,-86.617557205,45.71515918,0.23675599694252
"571",571,-86.568057205,45.71515918,0.23675599694252
"572",572,-84.934557205,45.71515918,0.385816007852554
"573",573,-84.885057205,45.71515918,0.385816007852554
"574",574,-84.835557205,45.71515918,0.385816007852554
"575",575,-84.786057205,45.71515918,0.385816007852554
"576",576,-84.736557205,45.71515918,0.385816007852554
"577",577,-84.687057205,45.71515918,0.385816007852554
"578",578,-84.637557205,45.71515918,0.385816007852554
"579",579,-87.211557205,45.66565918,0.243649005889893
"580",580,-87.162057205,45.66565918,0.243649005889893
"581",581,-86.716557205,45.66565918,0.23675599694252
"582",582,-86.667057205,45.66565918,0.23675599694252
"583",583,-86.617557205,45.66565918,0.23675599694252
"584",584,-84.984057205,45.66565918,0.385816007852554
"585",585,-84.934557205,45.66565918,0.385816007852554
"586",586,-84.588057205,45.66565918,0.385816007852554
"587",587,-84.538557205,45.66565918,0.385816007852554
"588",588,-87.261057205,45.61615918,0.243649005889893
"589",589,-87.211557205,45.61615918,0.243649005889893
"590",590,-86.617557205,45.61615918,0.23675599694252
"591",591,-85.033557205,45.61615918,0.264384001493454
"592",592,-84.984057205,45.61615918,0.385816007852554
"593",593,-84.489057205,45.61615918,0.294288009405136
"594",594,-84.439557205,45.61615918,0.294288009405136
"595",595,-84.390057205,45.61615918,0.294288009405136
"596",596,-84.340557205,45.61615918,0.294288009405136
"597",597,-84.291057205,45.61615918,0.294288009405136
"598",598,-84.241557205,45.61615918,0.294288009405136
"599",599,-87.310557205,45.56665918,0.243649005889893
"600",600,-87.261057205,45.56665918,0.243649005889893
"601",601,-85.083057205,45.56665918,0.264384001493454
"602",602,-84.192057205,45.56665918,0.294288009405136
"603",603,-84.142557205,45.56665918,0.294288009405136
"604",604,-87.310557205,45.51715918,0.243649005889893
"605",605,-85.083057205,45.51715918,0.264384001493454
"606",606,-87.360057205,45.46765918,0.163360998034477
"607",607,-87.310557205,45.46765918,0.163360998034477
"608",608,-85.033557205,45.46765918,0.221625998616219
"609",609,-84.984057205,45.46765918,0.294014006853104
"610",610,-84.934557205,45.46765918,0.294014006853104
"611",611,-84.142557205,45.46765918,0.375360995531082
"612",612,-84.093057205,45.46765918,0.375360995531082
"613",613,-87.409557205,45.41815918,0.163360998034477
"614",614,-87.360057205,45.41815918,0.163360998034477
"615",615,-84.885057205,45.41815918,0.294014006853104
"616",616,-87.459057205,45.36865918,0.163360998034477
"617",617,-87.409557205,45.36865918,0.163360998034477
"618",618,-84.934557205,45.36865918,0.294014006853104
"619",619,-84.885057205,45.36865918,0.294014006853104
"620",620,-87.459057205,45.31915918,0.163360998034477
"621",621,-85.231557205,45.31915918,0.221625998616219
"622",622,-85.132557205,45.31915918,0.221625998616219
"623",623,-85.083057205,45.31915918,0.221625998616219
"624",624,-84.984057205,45.31915918,0.294014006853104
"625",625,-84.934557205,45.31915918,0.294014006853104
"626",626,-87.508557205,45.26965918,0.179587006568909
"627",627,-87.459057205,45.26965918,0.163360998034477
"628",628,-87.063057205,45.26965918,0.163360998034477
"629",629,-87.013557205,45.26965918,0.163360998034477
"630",630,-85.330557205,45.26965918,0.221625998616219
"631",631,-85.281057205,45.26965918,0.221625998616219
"632",632,-85.231557205,45.26965918,0.221625998616219
"633",633,-85.132557205,45.26965918,0.221625998616219
"634",634,-87.558057205,45.22015918,0.179587006568909
"635",635,-87.508557205,45.22015918,0.179587006568909
"636",636,-87.112557205,45.22015918,0.163360998034477
"637",637,-87.063057205,45.22015918,0.163360998034477
"638",638,-87.013557205,45.22015918,0.163360998034477
"639",639,-85.380057205,45.22015918,0.221625998616219
"640",640,-87.607557205,45.17065918,0.179587006568909
"641",641,-87.162057205,45.17065918,0.163360998034477
"642",642,-87.063057205,45.17065918,0.163360998034477
"643",643,-85.578057205,45.17065918,0.168579995632172
"644",644,-85.380057205,45.17065918,0.221625998616219
"645",645,-85.330557205,45.17065918,0.221625998616219
"646",646,-87.657057205,45.12115918,0.179587006568909
"647",647,-87.211557205,45.12115918,0.163360998034477
"648",648,-85.627557205,45.12115918,0.168579995632172
"649",649,-85.330557205,45.12115918,0.221625998616219
"650",650,-87.657057205,45.07165918,0.179587006568909
"651",651,-87.261057205,45.07165918,0.163360998034477
"652",652,-87.112557205,45.07165918,0.163360998034477
"653",653,-87.063057205,45.07165918,0.163360998034477
"654",654,-85.677057205,45.07165918,0.168579995632172
"655",655,-85.627557205,45.07165918,0.168579995632172
"656",656,-87.756057205,45.02215918,0.179587006568909
"657",657,-87.706557205,45.02215918,0.179587006568909
"658",658,-87.657057205,45.02215918,0.179587006568909
"659",659,-87.310557205,45.02215918,0.163360998034477
"660",660,-87.261057205,45.02215918,0.163360998034477
"661",661,-85.627557205,45.02215918,0.168579995632172
"662",662,-85.380057205,45.02215918,0.221625998616219
"663",663,-87.855057205,44.97265918,0.16457200050354
"664",664,-87.805557205,44.97265918,0.16457200050354
"665",665,-87.756057205,44.97265918,0.16457200050354
"666",666,-87.706557205,44.97265918,0.16457200050354
"667",667,-87.360057205,44.97265918,0.162839993834496
"668",668,-87.211557205,44.97265918,0.162839993834496
"669",669,-85.776057205,44.97265918,0.16618900001049
"670",670,-85.726557205,44.97265918,0.16618900001049
"671",671,-85.479057205,44.97265918,0.263696998357773
"672",672,-85.380057205,44.97265918,0.263696998357773
"673",673,-87.855057205,44.92315918,0.16457200050354
"674",674,-87.360057205,44.92315918,0.162839993834496
"675",675,-87.211557205,44.92315918,0.162839993834496
"676",676,-85.924557205,44.92315918,0.16618900001049
"677",677,-85.875057205,44.92315918,0.16618900001049
"678",678,-85.825557205,44.92315918,0.16618900001049
"679",679,-85.776057205,44.92315918,0.16618900001049
"680",680,-85.677057205,44.92315918,0.16618900001049
"681",681,-85.627557205,44.92315918,0.16618900001049
"682",682,-85.528557205,44.92315918,0.16618900001049
"683",683,-87.904557205,44.87365918,0.16457200050354
"684",684,-87.855057205,44.87365918,0.16457200050354
"685",685,-87.360057205,44.87365918,0.162839993834496
"686",686,-87.261057205,44.87365918,0.162839993834496
"687",687,-87.211557205,44.87365918,0.162839993834496
"688",688,-86.023557205,44.87365918,0.136054992675781
"689",689,-85.677057205,44.87365918,0.16618900001049
"690",690,-85.528557205,44.87365918,0.16618900001049
"691",691,-87.954057205,44.82415918,0.16457200050354
"692",692,-87.904557205,44.82415918,0.16457200050354
"693",693,-87.607557205,44.82415918,0.16457200050354
"694",694,-87.508557205,44.82415918,0.16457200050354
"695",695,-87.409557205,44.82415918,0.162839993834496
"696",696,-87.310557205,44.82415918,0.162839993834496
"697",697,-86.023557205,44.82415918,0.136054992675781
"698",698,-85.677057205,44.82415918,0.16618900001049
"699",699,-85.429557205,44.82415918,0.263696998357773
"700",700,-87.954057205,44.77465918,0.16457200050354
"701",701,-87.657057205,44.77465918,0.16457200050354
"702",702,-87.360057205,44.77465918,0.162839993834496
"703",703,-86.073057205,44.77465918,0.136054992675781
"704",704,-86.023557205,44.77465918,0.136054992675781
"705",705,-85.677057205,44.77465918,0.16618900001049
"706",706,-85.578057205,44.77465918,0.16618900001049
"707",707,-85.479057205,44.77465918,0.263696998357773
"708",708,-85.429557205,44.77465918,0.263696998357773
"709",709,-88.003557205,44.72515918,0.180249005556107
"710",710,-87.706557205,44.72515918,0.16457200050354
"711",711,-87.360057205,44.72515918,0.162839993834496
"712",712,-86.073057205,44.72515918,0.136054992675781
"713",713,-85.677057205,44.72515918,0.16618900001049
"714",714,-85.627557205,44.72515918,0.16618900001049
"715",715,-85.578057205,44.72515918,0.16618900001049
"716",716,-85.528557205,44.72515918,0.16618900001049
"717",717,-88.003557205,44.67565918,0.180249005556107
"718",718,-87.706557205,44.67565918,0.16457200050354
"719",719,-87.409557205,44.67565918,0.162839993834496
"720",720,-86.122557205,44.67565918,0.136054992675781
"721",721,-87.805557205,44.62615918,0.16457200050354
"722",722,-87.756057205,44.62615918,0.16457200050354
"723",723,-87.459057205,44.62615918,0.162839993834496
"724",724,-87.409557205,44.62615918,0.162839993834496
"725",725,-86.221557205,44.62615918,0.136054992675781
"726",726,-86.172057205,44.62615918,0.136054992675781
"727",727,-88.053057205,44.57665918,0.180249005556107
"728",728,-87.904557205,44.57665918,0.16457200050354
"729",729,-87.855057205,44.57665918,0.16457200050354
"730",730,-87.459057205,44.57665918,0.162839993834496
"731",731,-86.221557205,44.57665918,0.136054992675781
"732",732,-88.053057205,44.52715918,0.180249005556107
"733",733,-87.904557205,44.52715918,0.16457200050354
"734",734,-87.508557205,44.52715918,0.16457200050354
"735",735,-86.221557205,44.52715918,0.136054992675781
"736",736,-87.508557205,44.47765918,0.133854001760483
"737",737,-86.221557205,44.47765918,0.114142000675201
"738",738,-87.508557205,44.42815918,0.133854001760483
"739",739,-86.221557205,44.42815918,0.114142000675201
"740",740,-87.558057205,44.37865918,0.133854001760483
"741",741,-86.221557205,44.37865918,0.114142000675201
"742",742,-87.558057205,44.32915918,0.133854001760483
"743",743,-86.271057205,44.32915918,0.114142000675201
"744",744,-87.558057205,44.27965918,0.133854001760483
"745",745,-86.271057205,44.27965918,0.114142000675201
"746",746,-87.558057205,44.23015918,0.133854001760483
"747",747,-87.508557205,44.23015918,0.133854001760483
"748",748,-86.320557205,44.23015918,0.114142000675201
"749",749,-87.607557205,44.18065918,0.133854001760483
"750",750,-87.558057205,44.18065918,0.133854001760483
"751",751,-86.370057205,44.18065918,0.114142000675201
"752",752,-86.320557205,44.18065918,0.114142000675201
"753",753,-87.657057205,44.13115918,0.133854001760483
"754",754,-87.607557205,44.13115918,0.133854001760483
"755",755,-86.370057205,44.13115918,0.114142000675201
"756",756,-87.706557205,44.08165918,0.133854001760483
"757",757,-87.657057205,44.08165918,0.133854001760483
"758",758,-86.419557205,44.08165918,0.114142000675201
"759",759,-87.706557205,44.03215918,0.133854001760483
"760",760,-87.756057205,43.98265918,0
"761",761,-87.706557205,43.98265918,0
"762",762,-86.469057205,43.98265918,0.121109999716282
"763",763,-87.756057205,43.93315918,0
"764",764,-86.419557205,43.93315918,0.121109999716282
"765",765,-87.756057205,43.88365918,0
"766",766,-86.419557205,43.88365918,0.121109999716282
"767",767,-87.756057205,43.83415918,0
"768",768,-86.419557205,43.83415918,0.121109999716282
"769",769,-87.756057205,43.78465918,0
"770",770,-86.419557205,43.78465918,0.121109999716282
"771",771,-87.756057205,43.73515918,0
"772",772,-86.419557205,43.73515918,0.121109999716282
"773",773,-87.706557205,43.68565918,0
"774",774,-86.469057205,43.68565918,0.121109999716282
"775",775,-87.756057205,43.63615918,0
"776",776,-86.518557205,43.63615918,0.126120999455452
"777",777,-87.805557205,43.58665918,0
"778",778,-86.518557205,43.58665918,0.126120999455452
"779",779,-86.469057205,43.58665918,0.121109999716282
"780",780,-87.805557205,43.53715918,0
"781",781,-86.469057205,43.53715918,0.121109999716282
"782",782,-87.805557205,43.48765918,0
"783",783,-86.419557205,43.48765918,0
"784",784,-87.855057205,43.43815918,0
"785",785,-86.419557205,43.43815918,0
"786",786,-87.904557205,43.38865918,0
"787",787,-86.419557205,43.38865918,0
"788",788,-86.370057205,43.38865918,0
"789",789,-87.904557205,43.33915918,0
"790",790,-86.370057205,43.33915918,0
"791",791,-87.904557205,43.28965918,0
"792",792,-86.370057205,43.28965918,0
"793",793,-86.320557205,43.28965918,0
"794",794,-86.271057205,43.28965918,0
"795",795,-86.221557205,43.24015918,0
"796",796,-87.904557205,43.19065918,0
"797",797,-86.271057205,43.19065918,0
"798",798,-87.904557205,43.14115918,0
"799",799,-86.271057205,43.14115918,0
"800",800,-86.221557205,43.14115918,0
"801",801,-87.904557205,43.09165918,0
"802",802,-86.221557205,43.09165918,0
"803",803,-87.904557205,43.04215918,0
"804",804,-86.221557205,43.04215918,0
"805",805,-87.904557205,42.99265918,0
"806",806,-86.221557205,42.99265918,0
"807",807,-87.904557205,42.94315918,0
"808",808,-87.855057205,42.94315918,0
"809",809,-86.172057205,42.94315918,0
"810",810,-87.855057205,42.89365918,0
"811",811,-86.172057205,42.89365918,0
"812",812,-87.855057205,42.84415918,0
"813",813,-86.172057205,42.84415918,0
"814",814,-87.805557205,42.79465918,0
"815",815,-86.172057205,42.79465918,0
"816",816,-87.805557205,42.74515918,0
"817",817,-86.172057205,42.74515918,0
"818",818,-87.805557205,42.69565918,0
"819",819,-86.172057205,42.69565918,0
"820",820,-86.221557205,42.64615918,0
"821",821,-86.172057205,42.64615918,0
"822",822,-87.855057205,42.59665918,0
"823",823,-86.221557205,42.59665918,0
"824",824,-86.172057205,42.59665918,0
"825",825,-86.221557205,42.54715918,0
"826",826,-86.221557205,42.49765918,0
"827",827,-87.805557205,42.44815918,0
"828",828,-86.221557205,42.44815918,0
"829",829,-87.805557205,42.39865918,0
"830",830,-86.271057205,42.39865918,0
"831",831,-86.221557205,42.39865918,0
"832",832,-87.855057205,42.34915918,0
"833",833,-86.271057205,42.34915918,0
"834",834,-87.855057205,42.29965918,0
"835",835,-86.320557205,42.29965918,0
"836",836,-86.271057205,42.29965918,0
"837",837,-87.855057205,42.25015918,0
"838",838,-86.320557205,42.25015918,0
"839",839,-87.805557205,42.20065918,0
"840",840,-86.370057205,42.20065918,0
"841",841,-87.805557205,42.15115918,0
"842",842,-86.419557205,42.15115918,0
"843",843,-86.370057205,42.15115918,0
"844",844,-87.756057205,42.10165918,0
"845",845,-86.469057205,42.10165918,0
"846",846,-86.419557205,42.10165918,0
"847",847,-87.706557205,42.05215918,0
"848",848,-86.469057205,42.05215918,0
"849",849,-86.518557205,42.00265918,0
"850",850,-87.657057205,41.95315918,0
"851",851,-86.568057205,41.95315918,0
"852",852,-86.518557205,41.95315918,0
"853",853,-87.657057205,41.90365918,0
"854",854,-86.568057205,41.90365918,0
"855",855,-87.657057205,41.85415918,0
"856",856,-86.617557205,41.85415918,0
"857",857,-87.607557205,41.80465918,0
"858",858,-86.716557205,41.80465918,0
"859",859,-86.667057205,41.80465918,0
"860",860,-87.607557205,41.75515918,0
"861",861,-86.815557205,41.75515918,0
"862",862,-86.766057205,41.75515918,0
"863",863,-86.716557205,41.75515918,0
"864",864,-87.558057205,41.70565918,0
"865",865,-86.914557205,41.70565918,0
"866",866,-86.865057205,41.70565918,0
"867",867,-87.508557205,41.65615918,0
"868",868,-87.459057205,41.65615918,0
"869",869,-87.063057205,41.65615918,0
"870",870,-87.013557205,41.65615918,0
"871",871,-87.409557205,41.60665918,0
"872",872,-87.360057205,41.60665918,0
"873",873,-87.310557205,41.60665918,0
"874",874,-87.261057205,41.60665918,0
"875",875,-87.211557205,41.60665918,0
"876",876,-87.162057205,41.60665918,0
